Model,Accuracy,Precision (Class 0 - No Rust),Recall (Class 0 - No Rust),F1-score (Class 0 - No Rust),Precision (Class 1 - Rust),Recall (Class 1 - Rust),F1-score (Class 1 - Rust)
CNN,0.9078273591806877,0.8876811594202898,0.7205882352941176,0.7954545454545454,0.9129239230064161,0.9698149951314509,0.9405099150141643
Swin Transformer,0.8178493050475494,0.6435331230283912,0.6,0.6210045662100456,0.8704761904761905,0.8899707887049659,0.8801155512758787
Averaging Ensemble,0.9173372348207754,0.9348659003831418,0.7176470588235294,0.8119800332778702,0.9132007233273056,0.9834469328140214,0.947022972339428
Stacking Ensemble (Logistic Regression),0.8903508771929824,0.82,0.7192982456140351,0.7663551401869159,0.9101123595505618,0.9473684210526315,0.9283667621776505
Stacking Ensemble (SVM),0.8903508771929824,0.7962962962962963,0.7543859649122807,0.7747747747747747,0.9195402298850575,0.935672514619883,0.927536231884058
Stacking Ensemble (Random Forest),1.0,1.0,1.0,1.0,1.0,1.0,1.0
Stacking Ensemble (LightGBM),1.0,1.0,1.0,1.0,1.0,1.0,1.0
